user_id,email,phone,created_at
user_001,user1@example.com,555-0191,2023-04-28
user_002,user2@example.com,555-0124,2024-02-25
user_003,user3@example.com,555-0113,2023-01-17
user_004,user4@example.com,555-0145,2024-02-17
user_005,user5@example.com,555-0141,2023-06-11
user_006,user6@example.com,555-0138,2023-07-25
user_007,user7@example.com,555-0127,2023-05-18
user_008,user8@example.com,555-0123,2023-02-03
user_009,user9@example.com,555-0196,2023-04-19
user_010,user10@example.com,555-0179,2024-04-12
user_011,user11@example.com,555-0121,2024-04-27
user_012,user12@example.com,555-0185,2023-10-18
user_013,user13@example.com,555-0164,2024-03-24
user_014,user14@example.com,555-0114,2024-01-03
user_015,user15@example.com,555-0113,2023-06-11
user_016,user16@example.com,555-0121,2023-04-19
user_017,user17@example.com,555-0137,2023-12-02
user_018,user18@example.com,555-0139,2023-09-13
user_019,user19@example.com,555-0174,2023-07-22
user_020,user20@example.com,555-0187,2024-03-28
user_021,user21@example.com,555-0113,2024-04-13
user_022,user22@example.com,555-0181,2023-11-26
user_023,user23@example.com,555-0135,2023-08-23
user_024,user24@example.com,555-0193,2023-03-15
user_025,user25@example.com,555-0199,2023-05-16
user_026,user26@example.com,555-0179,2023-03-13
user_027,user27@example.com,555-0163,2023-05-07
user_028,user28@example.com,555-0138,2024-01-17
user_029,user29@example.com,555-0167,2023-10-15
user_030,user30@example.com,555-0185,2023-10-03
user_031,user31@example.com,555-0145,2023-05-15
user_032,user32@example.com,555-0110,2024-01-18
user_033,user33@example.com,555-0130,2023-10-27
user_034,user34@example.com,555-0199,2023-08-08
user_035,user35@example.com,555-0164,2024-04-04
user_036,user36@example.com,555-0153,2023-10-26
user_037,user37@example.com,555-0145,2023-07-24
user_038,user38@example.com,555-0129,2023-07-05
user_039,user39@example.com,555-0137,2023-04-23
user_040,user40@example.com,555-0153,2023-03-12
user_041,user41@example.com,555-0123,2023-09-18
user_042,user42@example.com,555-0121,2023-09-10
user_043,user43@example.com,555-0158,2023-02-16
user_044,user44@example.com,555-0122,2024-01-22
user_045,user45@example.com,555-0155,2023-01-25
user_046,user46@example.com,555-0154,2024-03-16
user_047,user47@example.com,555-0187,2023-02-26
user_048,user48@example.com,555-0143,2023-03-20
user_049,user49@example.com,555-0115,2023-11-18
user_050,user50@example.com,555-0168,2023-03-23
user_051,user51@example.com,555-0178,2024-02-10
user_052,user52@example.com,555-0125,2023-12-15
user_053,user53@example.com,555-0158,2023-08-05
user_054,user54@example.com,555-0120,2023-11-02
user_055,user55@example.com,555-0180,2023-02-02
user_056,user56@example.com,555-0147,2023-07-17
user_057,user57@example.com,555-0190,2023-07-15
user_058,user58@example.com,555-0189,2023-11-02
user_059,user59@example.com,555-0156,2023-08-28
user_060,user60@example.com,555-0183,2023-09-28
user_061,user61@example.com,555-0134,2023-05-09
user_062,user62@example.com,555-0118,2024-05-12
user_063,user63@example.com,555-0115,2023-10-11
user_064,user64@example.com,555-0194,2024-03-16
user_065,user65@example.com,555-0139,2024-04-27
user_066,user66@example.com,555-0147,2023-01-06
user_067,user67@example.com,555-0120,2023-12-15
user_068,user68@example.com,555-0139,2024-01-05
user_069,user69@example.com,555-0122,2023-02-28
user_070,user70@example.com,555-0158,2023-12-16
user_071,user71@example.com,555-0145,2024-03-29
user_072,user72@example.com,555-0168,2023-10-02
user_073,user73@example.com,555-0191,2024-01-20
user_074,user74@example.com,555-0156,2023-05-17
user_075,user75@example.com,555-0130,2024-01-29
user_076,user76@example.com,555-0157,2023-11-25
user_077,user77@example.com,555-0155,2023-06-24
user_078,user78@example.com,555-0136,2023-02-27
user_079,user79@example.com,555-0195,2023-05-31
user_080,user80@example.com,555-0144,2023-08-11
user_081,user81@example.com,555-0199,2023-03-22
user_082,user82@example.com,555-0197,2023-08-21
user_083,user83@example.com,555-0192,2023-01-02
user_084,user84@example.com,555-0119,2024-05-03
user_085,user85@example.com,555-0187,2024-01-05
user_086,user86@example.com,555-0191,2024-03-24
user_087,user87@example.com,555-0131,2024-01-04
user_088,user88@example.com,555-0178,2023-05-15
user_089,user89@example.com,555-0141,2024-05-12
user_090,user90@example.com,555-0130,2023-09-14
user_091,user91@example.com,555-0169,2024-01-26
user_092,user92@example.com,555-0158,2023-04-02
user_093,user93@example.com,555-0144,2023-09-17
user_094,user94@example.com,555-0191,2024-04-12
user_095,user95@example.com,555-0198,2023-02-24
user_096,user96@example.com,555-0181,2024-03-21
user_097,user97@example.com,555-0138,2023-11-17
user_098,user98@example.com,555-0197,2023-06-02
user_099,user99@example.com,555-0151,2024-03-06
user_100,user100@example.com,555-0117,2023-11-24
